4su15cs101,sushanth,sush@gmail.com,kerala,3
4su15cs102,sachin,sach@gmail.com,kerala,3
4su15cs103,sreejith,sree@gmail.com,kerala,3
4su15cs104,srihari,sri@gmail.com,kerala,3
4su15cs105,pulari,pulari@gmail.com,kerala,3
4su15cs106,sandesh,sandesh@gmail.com,sirsi,3
4su15cs107,saket,saket@gmail.com,sagara,3
4su15cs108,shivraj,shiv2gmail.com,kerala,3
4su15cs109,pradeep,pradee@gmail.com,kerala,3
4su15cs110,rakshith,rakshi@gmail.com,shimoga,3
4su15cs111,thyagu,thag@gmail.com,ujire,3
4su15cs112,gadiyar,gadi@gmail.com,chitradurga,3
4su15cs113,vinuta,vinu@gmail.com,sirsi,3
4su15cs114,divya,div@gmail.com,udupi,3
4su15cs115,saniya,sani@gmail.com,ujire,3
4su15cs116,deeksha,dee@gmail.com,udupi,3
4su15cs117,nirosha,niro@gmail.com,ujire,3
4su15cs118,prajwal,praj@gmail.com,ujire,3
4su15cs119,sameed,sam@gmail.com,ujire,3
4su15cs120,sandeep,sand@gmail.com,ujire,3
4su15cs121,sujay,sujay@gmail.com,udupi,3

4su15ec101,ashika,ashika@gmail.com,shimoga,3
4su15ec102,apporva,app@gmail.com,hubli,3
4su15ec103,arpita,@arp@gmail.com,sirsi,3
4su15ec104,kavya,kav@gmail.com,sirsi,3
4su15ec105,ananya,ananya@gmail.com,shimoga,3
4su15ec106,akanksha,akanksha@gmail.com,hubli,3
4su15ec107,asmitha,asmitha@gmail.com,sirsi,3
4su15ec108,prarthana,prarthana@gmail.com,sirsi,3
4su15ec109,prathi,prathi@gmail.com,shimoga,3
4su15ec110,prakruthi,prakruthi@gmail.com,hubli,3
4su15ec111,praphul,praphul@gmail.com,sirsi,3
4su15ec112,ajay,ajay@gmail.com,sirsi,3
4su15ec113,varma,varma@gmail.com,sirsi,3
4su15ec114,akash,akash@gmail.com,udupi,3
4su15ec115,sagar,ssagar@gmail.com,ujire,3
4su15ec116,sachin,sachin@gmail.com,udupi,3
4su15ec117,nagraj,nagraj@gmail.com,ujire,3
4su15ec118,prakash,prakash@gmail.com,ujire,3
4su15ec119,niranjan,niranjan@gmail.com,ujire,3
4su15ec120,sadvik,sadvik@gmail.com,ujire,3
4su15ec121,prashanth,prashanth@gmail.com,udupi,3

4su15cv101,akarsh,akarsh@gmail.com,shimoga,3
4su15cv102,admika,admika@gmail.com,hubli,3
4su15cv103,archana,@archana@gmail.com,sirsi,3
4su15cv104,pratap,pratap@gmail.com,sirsi,3
4su15cv105,prahanya,prahanya@gmail.com,shimoga,3
4su15cv106,aish,aish@gmail.com,hubli,3
4su15cv107,athmeeya,athmeeya@gmail.com,sirsi,3
4su15cv108,deepa,deepa@gmail.com,sirsi,3
4su15cv109,laksh,laksh@gmail.com,shimoga,3
4su15cv110,smitha,smitha@gmail.com,hubli,3
4su15cv111,prateek,prateek@gmail.com,sirsi,3
4su15cv112,sakshi,sakshi@gmail.com,sirsi,3
4su15cv113,varma,varma@gmail.com,sirsi,3
4su15cv114,akash,akash@gmail.com,udupi,3
4su15cv115,sagar,ssagar@gmail.com,ujire,3
4su15cv116,sachin,sachin@gmail.com,udupi,3
4su15cv117,nagraj,nagraj@gmail.com,ujire,3
4su15cv118,prakash,prakash@gmail.com,ujire,3
4su15cv119,niranjan,niranjan@gmail.com,ujire,3
4su15cv120,sadvik,sadvik@gmail.com,ujire,3
4su15cv121,prashanth,prashanth@gmail.com,udupi,3

4su15is101,ashika,ashika@gmail.com,shimoga,3
4su15is102,apporva,app@gmail.com,hubli,3
4su15is103,arpita,@arp@gmail.com,sirsi,3
4su15is104,kavya,kav@gmail.com,sirsi,3
4su15is105,ananya,ananya@gmail.com,shimoga,3
4su15is106,akanksha,akanksha@gmail.com,hubli,3
4su15is107,asmitha,asmitha@gmail.com,sirsi,3
4su15is108,prarthana,prarthana@gmail.com,sirsi,3
4su15is109,prathi,prathi@gmail.com,shimoga,3
4su15is110,prakruthi,prakruthi@gmail.com,hubli,3
4su15is111,praphul,praphul@gmail.com,sirsi,3
4su15is112,ajay,ajay@gmail.com,sirsi,3
4su15is113,vinuta,vinu@gmail.com,sirsi,3
4su15is114,divya,div@gmail.com,udupi,3
4su15is115,saniya,sani@gmail.com,ujire,3
4su15is116,deeksha,dee@gmail.com,udupi,3
4su15is117,nirosha,niro@gmail.com,ujire,3
4su15is118,prajwal,praj@gmail.com,ujire,3
4su15is119,sameed,sam@gmail.com,ujire,3
4su15is120,sandeep,sand@gmail.com,ujire,3
4su15is121,sujay,sujay@gmail.com,udupi,3